{"total_flos":3.595841811389645e+17,"_timestamp":1.7384947844036238e+09,"_step":112,"train_loss":0.9535669651822017,"eval/steps_per_second":3.048,"_runtime":9989.872077811,"train/grad_norm":0.5313342213630676,"train_steps_per_second":0.114,"train_samples_per_second":1.816,"train/global_step":1134,"_wandb":{"runtime":9990},"eval/runtime":330.679,"train_runtime":9990.5339,"train/loss":0.662,"train/epoch":1,"eval/loss":0.8677390217781067,"eval/samples_per_second":6.097,"train/learning_rate":1.779359430604982e-07}