{"eval/loss":0.8483806848526001,"train/epoch":1,"train/global_step":1134,"_step":112,"train/grad_norm":0.9138443470001221,"eval/steps_per_second":2.315,"train_samples_per_second":1.404,"total_flos":3.536474353751593e+17,"train_runtime":12921.3724,"train_steps_per_second":0.088,"train/loss":0.729,"train_loss":0.9651162674292475,"train/learning_rate":1.779359430604982e-07,"_runtime":12920.707928881,"_wandb":{"runtime":12921},"eval/samples_per_second":4.63,"_timestamp":1.738426259204106e+09,"eval/runtime":435.4282}